<?xml version="1.0" encoding="UTF-8" ?>
<!DOCTYPE mapper PUBLIC "-//mybatis.org//DTD Mapper 3.0//EN"
        "http://mybatis.org/dtd/mybatis-3-mapper.dtd" >
<mapper namespace="com.sky.mapper.CategoryMapper">
<!--    插入数据-->
    <insert id="insert">
        insert into category(type, name, sort, status, create_time, update_time, create_user, update_user)
        VALUES (#{type}, #{name}, #{sort}, #{status}, #{createTime}, #{updateTime}, #{createUser}, #{updateUser})
    </insert>

<!--    根据id删除分类-->
    <delete id="deleteById">
        delete from category where id = #{id}
    </delete>

    <!--    分页查询-->
    <select id="pageQuery" resultType="com.sky.entity.Category">
        select * from category
        <where>
            <if test="name != null and name != ''">
                and name like concat('%',#{name},'%')
            </if>
            <if test="type != null">
                and type = #{type}
            </if>
        </where>
        order by sort asc , create_time desc
    </select>

    <update id="update" parameterType="Category">
        update category
        <set>
            <if test="type != null">
                type = #{type},
            </if>
            <if test="name != null">
                name = #{name},
            </if>
            <if test="sort != null">
                sort = #{sort},
            </if>
            <if test="status != null">
                status = #{status},
            </if>
            <if test="updateTime != null">
                update_time = #{updateTime},
            </if>
            <if test="updateUser != null">
                update_user = #{updateUser}
            </if>
        </set>
        where id = #{id}
    </update>

    <select id="list" resultType="Category">
        select * from category
        where status = 1
        <if test="type != null">
            and type = #{type}
        </if>
        order by sort asc,create_time desc
    </select>
</mapper>
