<?xml version="1.0" encoding="UTF-8" ?>
<!DOCTYPE mapper PUBLIC "-//mybatis.org//DTD Mapper 3.0//EN"
        "http://mybatis.org/dtd/mybatis-3-mapper.dtd" >
<mapper namespace="com.sky.mapper.EmployeeMapper">


    <!--    根据用户名查询员工-->
    <select id="getByUsername" resultType="com.sky.entity.Employee">
        select * from employee where username = #{username}
    </select>

    <!--    插入员工数据-->
    <insert id="insert">
        insert into employee (name, username, password, phone, sex, id_number, create_time, update_time, create_user, update_user,status) values (#{name},#{username},#{password},#{phone},#{sex},#{idNumber},#{createTime},#{updateTime},#{createUser},#{updateUser},#{status})
    </insert>

<!--    员工分页查询-->
    <select id="pageQuery" resultType="com.sky.entity.Employee">
        select *
        from employee
        <where>
            <if test="name !=null and name!=''">
                and name like concat('%',#{name},'%')
            </if>
        </where>
    </select>

    <!--    启用禁用员工账户-->
    <update id="update" parameterType="Employee">
        update employee
        <set>
            <if test="name != null">name = #{name},</if>
            <if test="username != null">username = #{username},</if>
            <if test="password != null">password = #{password},</if>
            <if test="phone != null">phone = #{phone},</if>
            <if test="sex != null">sex = #{sex},</if>
            <if test="idNumber != null">id_Number = #{idNumber},</if>
            <if test="updateTime != null">update_Time = #{updateTime},</if>
            <if test="updateUser != null">update_User = #{updateUser},</if>
            <if test="status != null">status = #{status},</if>
        </set>
        where id = #{id}
    </update>

    <!--    根据iD查询用户信息-->
    <select id="getById" resultType="com.sky.entity.Employee">
        select *
        from employee
        where id = #{id}
    </select>

</mapper>
