<?xml version="1.0" encoding="UTF-8" ?>
<!DOCTYPE mapper PUBLIC "-//mybatis.org//DTD Mapper 3.0//EN" "http://mybatis.org/dtd/mybatis-3-mapper.dtd" >
<mapper namespace="com.sky.mapper.OrderMapper">
    <!--    插入订单数据-->
    <insert id="insert" parameterType="Orders" useGeneratedKeys="true" keyProperty="id">
        insert into orders
        (number, status, user_id, address_book_id, order_time, checkout_time, pay_method, pay_status, amount, remark,
         phone, address, consignee, estimated_delivery_time, delivery_status, pack_amount, tableware_number,
         tableware_status)
        values (#{number}, #{status}, #{userId}, #{addressBookId}, #{orderTime}, #{checkoutTime}, #{payMethod},
                #{payStatus}, #{amount}, #{remark}, #{phone}, #{address}, #{consignee},
                #{estimatedDeliveryTime}, #{deliveryStatus}, #{packAmount}, #{tablewareNumber}, #{tablewareStatus})
    </insert>

<!--    修改订单信息-->
    <update id="update">
        update orders
        <set>
            <if test="cancelReason != null and cancelReason!='' ">
                cancel_reason=#{cancelReason},
            </if>
            <if test="rejectionReason != null and rejectionReason!='' ">
                rejection_reason=#{rejectionReason},
            </if>
            <if test="cancelTime != null">
                cancel_time=#{cancelTime},
            </if>
            <if test="payStatus != null">
                pay_status=#{payStatus},
            </if>
            <if test="payMethod != null">
                pay_method=#{payMethod},
            </if>
            <if test="checkoutTime != null">
                checkout_time=#{checkoutTime},
            </if>
            <if test="status != null">
                status = #{status},
            </if>
            <if test="deliveryTime != null">
                delivery_time = #{deliveryTime}
            </if>
        </set>
        where id=#{id};
    </update>

    <!--    根据订单号和用户id查询订单-->
    <select id="getByNumberAndUserId" resultType="com.sky.entity.Orders">
        select *
        from orders
        where number = #{orderNumber}
          and user_id = #{userId};
    </select>

<!--    分页条件查询-->
    <select id="pageQuery" resultType="com.sky.entity.Orders">
        select *
        from orders
        <where>
            <if test="number!=null and number!=''">and number like concat('%',#{number},'%')</if>
            <if test="phone!=null and phone!=''">and phone like concat('%',#{phone},'%')</if>
            <if test="userId!=null and userId!=''">and user_id=#{userId}</if>
            <if test="status!=null and status!=''">and status=#{status}</if>
            <if test="beginTime!=null and beginTime!=''">and order_time&gt;=#{beginTime}</if>
            <if test="endTime!=null and endTime!=''">and order_time&lt;=#{endTime}</if>
        </where>
        order by order_time desc
    </select>

<!--    根据id查询订单-->
    <select id="getById" resultType="com.sky.entity.Orders">
        select *
        from orders
        where id = #{id};
    </select>

<!--    根据状态，分别查询出接待单，待派送、派送中的订单数量-->
    <select id="countStatus" resultType="java.lang.Integer">
        select count(*)
        from orders where status=#{status};
    </select>

<!--    根据状态和下单时间查询订单-->
    <select id="getByStatusAndOrderTime" resultType="com.sky.entity.Orders">
        select *
        from orders where status=#{status} and order_time&lt;#{orderTime};
    </select>

<!--    根据动态条件统计营业额-->
    <select id="sumByMap" resultType="java.lang.Double">
        select sum(amount) from orders
        <where>
            <if test="status != null">
                and status = #{status}
            </if>
            <if test="begin != null">
                and order_time &gt;= #{begin}
            </if>
            <if test="end != null">
                and order_time &lt;= #{end}
            </if>
        </where>
    </select>

<!--    根据动态条件统计订单数量-->
    <select id="countByMap" resultType="java.lang.Integer">
        select count(id) from orders
        <where>
            <if test="status != null">
                and status = #{status}
            </if>
            <if test="begin != null">
                and order_time &gt;= #{begin}
            </if>
            <if test="end != null">
                and order_time &lt;= #{end}
            </if>
        </where>
    </select>

<!--    查询商品销量排名-->
    <select id="getSalesTop10" resultType="com.sky.dto.GoodsSalesDTO">
        select od.name name,sum(od.number) number from order_detail od ,orders o
        where od.order_id = o.id
        and o.status = 5
        <if test="begin != null">
            and order_time &gt;= #{begin}
        </if>
        <if test="end != null">
            and order_time &lt;= #{end}
        </if>
        group by name
        order by number desc
        limit 0, 10
    </select>
</mapper>